vendor_name,material_type,total_orders,on_time_orders,avg_wastage_pct,total_ordered_qty,total_delivered_qty,avg_delay_days,delay_days_std,on_time_delivery_rate_pct,qty_fulfillment_rate_pct
Tata Steel,Steel,19,3,7.91,4942.8,4917.9,3.63,2.73,15.79,99.5
Bhushan Steel,Fabrication Sheet,14,2,7.0,3250.1,3234.0,4.07,3.1,14.29,99.5
Ambuja,Cement,8,1,7.22,1887.0,1876.7,3.0,1.6,12.5,99.45
Sail,Steel,15,1,8.06,3804.2000000000003,3784.2,4.13,2.72,6.67,99.47
UltraTech,Cement,8,0,7.81,1937.9,1928.2,4.62,2.39,0.0,99.5
ACC,Cement,10,0,8.0,2531.5,2521.3,6.0,2.71,0.0,99.6
Hindalco,Fabrication Sheet,6,0,8.52,1868.0,1859.6,4.17,2.64,0.0,99.55
Jindal Steel,Steel,15,0,9.19,4882.8,4856.7,5.73,3.75,0.0,99.47
Jindal Aluminium,Fabrication Sheet,11,0,9.75,2877.2999999999997,2861.0,6.18,2.23,0.0,99.43
Local Sheet Vendor,Fabrication Sheet,10,0,12.55,3706.4,3624.3,9.0,3.06,0.0,97.78
Krishna Materials,Other,20,0,13.04,5689.1,5534.8,8.85,2.32,0.0,97.29
Noida Hardware Mart,Other,14,0,13.09,3932.2,3841.6,8.5,1.34,0.0,97.7
Local Vendor Noida,Steel,17,0,13.21,4882.9,4754.7,8.53,3.68,0.0,97.37
Apex Traders,Other,31,0,13.5,7962.6,7755.7,9.16,2.9,0.0,97.4
Local Vendor Cement,Cement,7,0,13.69,1730.3,1671.5,8.71,2.87,0.0,96.6
