record_id,project_id,material_type,vendor_name,ordered_qty,delivered_qty,wastage_pct,promised_delivery_date,actual_delivery_date,on_time
1,1,Fabrication Sheet,Jindal Aluminium,482.4,479.5,8.511299359281178,31/01/2025,04/02/2025,False
2,1,OTHER,Noida Hardware Mart,231.7,225.0,16.957238007235187,2025-02-25,2025-03-06,False
3,1,Fabrication Sheet,Jindal Aluminium,238.7,236.5,10.52554265548373,2025-02-22,2025-02-28,False
4,1,Fabrication Sheet,Bhushan Steel,157.4,156.9,9.773996885483848,2025-03-03,2025-03-12,False
5,1,Steel,Tata Steel,54.2,54.2,10.675490520291204,2025-02-25,2025-03-01,False
6,1,Fabrication Sheet,Bhushan Steel,109.6,109.2,9.586888838176892,24/01/2025,2025-01-29,False
7,1,Fabrication Sheet,Local Sheet Vendor,425.2,414.0,16.005013198668312,2025-02-28,2025-03-13,False
8,1,other,Krishna Materials,184.7,183.6,15.84440835818314,2025-01-28,07/02/2025,False
9,2,Other,Krishna Materials,120.0,117.9,12.08047782362847,02-12-2025,2025-02-23,False
10,2,Other,Krishna Materials,433.8,431.8,,2025-02-18,2025-02-24,False
11,2,Steel,Sail,69.8,69.1,7.287678892217246,2025-02-02,09/02/2025,False
12,2,Fabrication Sheet,Local Sheet Vendor,298.3,297.2,12.664200413719609,01-18-2025,24/01/2025,False
13,3,Other,Noida Hardware Mart,425.6,422.9,15.239313081090827,2025-03-09,2025-03-20,False
14,3,Steel,Sail,454.5,453.5,11.093764034683819,2025-02-10,2025-02-16,False
15,3,fabrication sheet,Jindal Aluminium,209.2,207.6,10.148808891707132,2025-05-15,2025-05-23,False
16,3,Fabrication Sheet,Hindalco,489.3,488.4,,2025-05-16,2025-05-20,False
17,3,STEEL,Local Vendor Noida,411.0,407.7,16.365530928632772,2025-04-04,2025-04-14,False
18,4,Steel,Tata Steel,436.4,435.1,6.848035657257176,2025-05-23,2025-05-27,False
19,4,Cement,Ambuja,60.6,60.1,6.730819940385352,2025-04-20,04-24-2025,False
20,4,Steel,Sail,338.7,338.3,7.557014324514761,04-20-2025,2025-04-22,False
21,4,Steel,Jindal Steel,311.3,309.4,9.892503078606866,2025-02-04,02-06-2025,False
22,5,Other,Apex Traders,246.4,235.3,14.449799060658759,02/03/2025,10/03/2025,False
23,5,Cement,ACC,70.0,69.5,7.2570857252122885,03-28-2025,2025-04-02,False
24,5,Other,Krishna Materials,351.8,335.6,11.969741550517456,2025-02-27,2025-03-09,False
25,5,Other,Apex Traders,348.5,339.7,11.01135692604987,2025-04-21,2025-04-28,False
26,5,Other,Apex Traders,196.8,194.9,13.301689320169995,30/03/2025,2025-04-05,False
27,5,OTHER,Apex Traders,354.8,349.5,14.12407784632273,03/04/2025,2025-04-12,False
28,6,Fabrication Sheet,Bhushan Steel,179.1,177.9,5.271153986508546,05/04/2025,04-08-2025,False
29,6,Steel,Local Vendor Noida,249.0,246.9,9.406406990505609,22/03/2025,2025-03-30,False
30,6,Fabrication Sheet,Bhushan Steel,282.0,279.7,6.083364809612391,2025-03-04,04/03/2025,True
31,6,Fabrication Sheet,Bhushan Steel,151.1,150.7,4.348121117455514,2025-01-24,01-24-2025,True
32,6,Steel,Tata Steel,254.9,253.1,7.096149022753134,2025-04-04,2025-04-04,True
33,6,Steel,Local Vendor Noida,229.8,219.5,9.1418867669144,2025-04-19,2025-04-22,False
34,6,Fabrication Sheet,Local Sheet Vendor,148.5,145.1,11.768040811241779,04-20-2025,04-27-2025,False
35,6,Other,Noida Hardware Mart,462.9,447.4,9.037035783306745,2025-02-07,2025-02-13,False
36,7,Other,Apex Traders,477.5,457.7,12.052589745007936,08/06/2025,2025-06-14,False
37,7,Other,Apex Traders,453.7,447.8,11.461507810404527,31/05/2025,2025-06-06,False
38,7,FABRICATION SHEET,Bhushan Steel,394.6,392.9,5.572085293078115,2025-04-01,2025-04-02,False
39,7,Other,Apex Traders,155.5,154.3,9.830276188251442,2025-02-19,2025-02-23,False
40,7,Steel,Jindal Steel,367.9,365.9,3.7438014446216985,2025-05-14,2025-05-15,False
41,7,Steel,Tata Steel,143.1,142.6,5.167460112859889,02-04-2025,2025-02-07,False
42,7,Fabrication Sheet,Bhushan Steel,184.4,183.0,5.046832634021062,2025-05-17,2025-05-20,False
43,7,Other,Krishna Materials,454.0,443.0,10.439803951967189,2025-04-09,2025-04-15,False
44,8,Steel,Local Vendor Noida,375.9,365.9,13.307837874020882,02-03-2025,2025-02-12,False
45,8,STEEL,Tata Steel,87.8,87.8,6.660266300415024,2025-03-18,2025-03-20,False
46,8,Steel,Sail,145.2,144.1,6.253198441295879,2025-03-07,2025-03-10,False
47,8,Steel,Sail,425.7,421.4,6.827042566622832,2025-03-28,2025-03-29,False
48,8,steel,Jindal Steel,342.6,340.0,8.070747420214225,2025-04-11,12/04/2025,False
49,8,Cement,Ambuja,427.7,425.7,7.431157848115276,17/02/2025,2025-02-19,False
50,8,Cement,Ambuja,259.3,257.7,5.970790008019391,2025-03-06,2025-03-08,False
51,9,Cement,ACC,98.6,97.9,8.015455896199724,2025-05-10,2025-05-18,False
52,9,Steel,Local Vendor Noida,473.7,454.0,13.70606130257672,2025-06-15,2025-06-28,False
53,9,Cement,UltraTech,363.7,360.8,9.119072936160528,2025-06-16,2025-06-20,False
54,9,Other,Noida Hardware Mart,206.2,201.0,14.626254247148838,2025-05-18,2025-05-26,False
55,10,FABRICATION SHEET,Local Sheet Vendor,420.0,401.3,11.657976965533805,2025-03-24,2025-04-04,False
56,10,Steel,Jindal Steel,246.0,244.0,9.171002699011378,12/03/2025,03-18-2025,False
57,10,Other,Apex Traders,259.2,248.2,14.538759876640833,2025-03-12,2025-03-20,False
58,10,Fabrication Sheet,Bhushan Steel,446.7,444.0,7.211275239721634,2025-04-06,2025-04-12,False
59,10,Steel,Sail,62.9,62.8,9.639632828207647,2025-03-01,2025-03-06,False
60,10,Steel,Sail,175.8,175.8,8.620441514707528,2025-03-13,2025-03-19,False
61,11,Fabrication Sheet,Hindalco,374.0,371.4,6.557647891143881,2025-04-05,2025-04-06,False
62,11,Other,Krishna Materials,270.9,267.9,12.775067976278,21/02/2025,27/02/2025,False
63,11,Other,Noida Hardware Mart,187.8,182.8,11.9295588450782,2025-03-18,2025-03-26,False
64,11,STEEL,Sail,208.3,207.8,6.418317555161446,2025-03-07,2025-03-09,False
65,11,Other,Noida Hardware Mart,192.0,190.2,12.574860758305148,05/04/2025,2025-04-14,False
66,12,Other,Apex Traders,174.4,171.9,14.946418280907322,2025-04-23,2025-05-05,False
67,12,fabrication sheet,Hindalco,183.3,182.0,,2025-03-25,2025-03-29,False
68,12,FABRICATION SHEET,Bhushan Steel,70.5,69.8,7.806174738020112,2025-03-24,2025-04-02,False
69,12,Other,Apex Traders,96.2,93.9,12.637132270566193,2025-03-23,04-03-2025,False
70,12,Steel,Jindal Steel,484.5,480.5,8.597984219036052,2025-04-17,21/04/2025,False
71,13,steel,Tata Steel,309.7,307.2,9.5186451006951,2025-02-25,2025-03-01,False
72,13,Steel,Tata Steel,497.3,494.3,7.246647276516881,2025-05-14,05-20-2025,False
73,13,other,Noida Hardware Mart,399.1,393.2,13.29435313225723,2025-06-02,06-12-2025,False
74,13,Other,Apex Traders,187.4,186.5,14.256950311959626,2025-04-25,2025-05-07,False
75,13,Cement,Ambuja,169.1,168.2,7.097590889538971,2025-03-08,2025-03-12,False
76,13,Cement,UltraTech,233.8,233.7,,2025-04-07,2025-04-12,False
77,13,Steel,Sail,366.3,362.9,8.588966333299206,2025-05-04,2025-05-08,False
78,14,Steel,Local Vendor Noida,101.6,97.4,12.465921856799348,2025-02-12,2025-02-21,False
79,14,Cement,UltraTech,124.7,123.6,7.797131306192181,2025-03-22,2025-03-29,False
80,14,Other,Noida Hardware Mart,260.9,254.4,12.783048817914318,28/02/2025,09/03/2025,False
81,14,other,Apex Traders,86.2,84.8,11.726127192469704,02/03/2025,2025-03-14,False
82,14,Fabrication Sheet,Jindal Aluminium,91.1,90.6,10.414328464506598,2025-03-28,2025-04-04,False
83,14,Cement,ACC,309.3,307.7,9.619120072422072,2025-02-14,2025-02-20,False
84,14,Other,Apex Traders,131.7,125.3,13.908002556846668,2025-03-15,2025-03-25,False
85,14,Other,Apex Traders,233.8,229.9,12.850917079561539,09/02/2025,2025-02-17,False
86,15,Steel,Local Vendor Noida,416.1,409.6,10.645080378950832,2025-04-28,2025-05-01,False
87,15,steel,Tata Steel,486.6,483.4,,2025-05-05,2025-05-05,True
88,15,Other,Apex Traders,236.0,227.1,9.195024108641809,16/04/2025,2025-04-23,False
89,15,Other,Apex Traders,392.0,373.8,9.258926896464795,2025-05-10,2025-05-14,False
90,15,STEEL,Local Vendor Noida,104.6,100.9,12.337281206350479,2025-05-17,2025-05-21,False
91,15,Steel,Tata Steel,298.5,297.1,3.81753074818979,2025-06-16,2025-06-16,True
92,15,FABRICATION SHEET,Hindalco,274.3,273.5,6.311107247030864,2025-05-05,2025-05-09,False
93,16,Steel,Jindal Steel,255.6,254.3,9.772087024846199,03-09-2025,2025-03-19,False
94,16,Fabrication Sheet,Jindal Aluminium,174.3,172.7,12.353543878916218,2025-05-06,2025-05-14,False
95,16,Other,Apex Traders,419.2,407.0,15.32487508403507,2025-04-06,2025-04-20,False
96,16,OTHER,Apex Traders,439.4,432.1,15.979708723076541,2025-05-23,2025-06-04,False
97,16,Other,Apex Traders,254.9,251.9,15.480628551819914,09/03/2025,2025-03-24,False
98,16,steel,Jindal Steel,435.2,433.1,10.836619533102077,2025-04-11,22/04/2025,False
99,16,Steel,Local Vendor Noida,494.8,470.9,17.363093793703484,2025-02-27,12/03/2025,False
100,17,Fabrication Sheet,Jindal Aluminium,443.4,440.2,7.937290783387153,29/04/2025,2025-05-01,False
101,17,other,Krishna Materials,486.5,471.3,11.475378937279281,2025-04-04,2025-04-12,False
102,17,OTHER,Krishna Materials,86.1,83.4,12.49032830023827,2025-04-19,2025-04-27,False
103,17,Other,Krishna Materials,66.2,63.7,11.44974893303065,2025-04-07,14/04/2025,False
104,17,Other,Noida Hardware Mart,392.2,388.9,13.991629261620597,2025-03-14,2025-03-23,False
105,18,Fabrication Sheet,Jindal Aluminium,196.0,195.2,9.612871787833772,2025-03-14,2025-03-22,False
106,18,Fabrication Sheet,Local Sheet Vendor,304.7,303.5,17.55847277093756,02-18-2025,2025-03-01,False
107,18,Steel,Jindal Steel,274.0,272.3,11.721023398021957,2025-02-26,07/03/2025,False
108,18,STEEL,Sail,350.1,347.7,12.984029002215028,2025-03-28,04-05-2025,False
109,18,Fabrication Sheet,Jindal Aluminium,248.8,247.2,10.77065737318607,2025-04-13,2025-04-21,False
110,18,STEEL,Sail,255.6,255.3,10.596881557566999,2025-03-18,2025-03-27,False
111,19,Other,Apex Traders,308.7,293.6,14.588165142645625,2025-03-09,2025-03-14,False
112,19,Other,Apex Traders,173.5,167.0,,2025-02-06,2025-02-15,False
113,19,Steel,Jindal Steel,323.2,322.4,7.026680791479302,2025-02-24,2025-03-01,False
114,19,Other,Krishna Materials,356.4,344.9,11.164513922114432,12/02/2025,2025-02-22,False
115,19,Steel,Local Vendor Noida,65.0,62.0,12.076841900251916,2025-02-16,2025-02-21,False
116,19,Steel,Local Vendor Noida,129.0,125.8,11.14603615912517,2025-03-18,2025-03-27,False
117,19,STEEL,Jindal Steel,165.6,164.4,8.916156218307664,2025-04-02,2025-04-05,False
118,20,Fabrication Sheet,Local Sheet Vendor,483.3,465.8,,2025-03-16,2025-03-24,False
119,20,STEEL,Sail,90.6,90.5,4.714635438015674,2025-03-21,03-24-2025,False
120,20,Steel,Sail,313.1,311.0,6.426006401607923,2025-04-04,2025-04-04,True
121,20,Steel,Tata Steel,328.8,328.1,6.909013740932221,2025-03-29,2025-04-01,False
122,20,Fabrication Sheet,Local Sheet Vendor,459.2,456.0,9.345097894817828,2025-04-09,2025-04-12,False
123,20,Fabrication Sheet,Bhushan Steel,498.2,497.5,3.600819119601264,2025-03-18,03-21-2025,False
124,21,Fabrication Sheet,Local Sheet Vendor,314.3,312.7,12.592497749359598,2025-03-03,2025-03-12,False
125,21,other,Krishna Materials,233.7,229.4,13.492187248654869,2025-02-07,02-16-2025,False
126,21,Other,Apex Traders,477.7,468.9,13.10790192035445,2025-02-11,2025-02-20,False
127,21,Fabrication Sheet,Jindal Aluminium,229.2,229.0,5.44533539577495,2025-02-12,2025-02-15,False
128,21,Steel,Tata Steel,72.8,72.7,6.020137772860696,02-13-2025,2025-02-17,False
129,21,Steel,Jindal Steel,415.9,412.6,5.618095863314758,26/03/2025,03-27-2025,False
130,21,CEMENT,ACC,436.3,435.2,5.264853068412664,2025-02-13,2025-02-17,False
131,22,Cement,UltraTech,109.3,108.7,5.3317093683644705,2025-05-04,2025-05-05,False
132,22,CEMENT,Ambuja,169.4,169.2,4.405774426349461,04-10-2025,2025-04-14,False
133,22,Cement,Local Vendor Cement,251.7,246.0,10.346896146768387,2025-04-21,2025-04-25,False
134,22,Cement,UltraTech,377.3,376.2,7.5337470031245,26/04/2025,2025-04-30,False
135,22,Other,Noida Hardware Mart,77.4,74.7,10.814667895491793,2025-04-09,2025-04-16,False
136,23,Other,Apex Traders,83.1,82.6,14.825556360658407,19/03/2025,03-29-2025,False
137,23,Other,Krishna Materials,313.4,305.1,17.351005636720465,2025-04-18,2025-05-02,False
138,23,Steel,Local Vendor Noida,94.6,90.5,17.309512125199504,10/05/2025,05-25-2025,False
139,23,Steel,Local Vendor Noida,449.6,440.2,16.15764873572289,2025-04-28,2025-05-11,False
140,23,Fabrication Sheet,Bhushan Steel,242.0,240.3,12.162825903256474,2025-04-17,2025-04-24,False
141,23,STEEL,Tata Steel,91.1,90.4,9.843851880341715,04-25-2025,05-01-2025,False
142,23,steel,Jindal Steel,300.4,299.4,11.848254781973147,2025-05-11,21/05/2025,False
143,24,Other,Apex Traders,443.1,442.0,14.378462993113978,2025-07-18,2025-07-28,False
144,24,Fabrication Sheet,Bhushan Steel,208.2,206.8,7.925617591264476,2025-05-25,2025-05-27,False
145,24,Steel,Tata Steel,207.6,206.4,,2025-04-30,03/05/2025,False
146,24,Other,Krishna Materials,488.5,465.8,13.887650955867736,2025-04-07,2025-04-16,False
147,25,Cement,Ambuja,173.0,173.0,10.167799101124626,2025-03-11,2025-03-16,False
148,25,cement,Local Vendor Cement,81.3,78.3,15.082037265674314,02-19-2025,2025-02-26,False
149,25,Cement,Local Vendor Cement,238.9,230.3,13.481744956277964,2025-03-13,2025-03-22,False
150,25,Other,Krishna Materials,88.2,88.0,12.328596334902722,2025-02-28,2025-03-11,False
151,25,Cement,ACC,249.4,248.4,8.814220121652614,2025-03-28,03/04/2025,False
152,25,CEMENT,UltraTech,205.3,204.1,7.561720118004356,2025-04-02,2025-04-10,False
153,26,OTHER,Apex Traders,70.4,70.4,15.598501386126742,02-21-2025,03-02-2025,False
154,26,Steel,Jindal Steel,395.3,394.8,12.074091384821218,01/02/2025,2025-02-08,False
155,26,STEEL,Local Vendor Noida,129.1,125.9,15.53827758463717,2025-02-28,2025-03-10,False
156,26,Other,Apex Traders,82.4,82.3,17.46450524986658,2025-01-16,01-28-2025,False
157,26,CEMENT,ACC,309.1,307.8,11.311046525319599,2025-02-28,2025-03-10,False
158,26,CEMENT,Local Vendor Cement,59.4,56.9,15.31652051955828,02-22-2025,06/03/2025,False
159,26,Steel,Tata Steel,246.5,245.5,9.44090033535857,2025-02-10,2025-02-19,False
160,26,CEMENT,Local Vendor Cement,441.7,424.5,17.000667107634637,2025-01-28,2025-02-08,False
161,27,OTHER,Krishna Materials,101.3,99.5,14.073289797338187,2025-05-17,2025-05-26,False
162,27,other,Noida Hardware Mart,156.3,151.6,12.61925842115708,2025-02-16,02-24-2025,False
163,27,Other,Noida Hardware Mart,129.7,124.8,15.12487390503654,2025-03-26,2025-04-05,False
164,27,Other,Apex Traders,356.5,338.9,15.561674174418034,2025-04-14,2025-04-26,False
165,28,Other,Apex Traders,117.9,116.1,10.753228000109901,2025-05-26,2025-06-05,False
166,28,Steel,Tata Steel,208.4,208.3,5.776845590820027,2025-05-29,02/06/2025,False
167,28,STEEL,Sail,84.5,84.0,8.937083101827833,2025-04-11,04-16-2025,False
168,28,Steel,Local Vendor Noida,311.1,304.1,14.297008873018038,2025-07-03,07-08-2025,False
169,28,Other,Krishna Materials,134.7,128.2,12.900106302407135,2025-06-03,2025-06-09,False
170,28,Steel,Tata Steel,414.9,412.8,8.829591679117094,2025-06-30,2025-07-01,False
171,29,Fabrication Sheet,Hindalco,368.4,366.2,7.388232809126646,01/05/2025,2025-05-04,False
172,29,steel,Sail,463.1,460.0,4.973954956631559,05-17-2025,2025-05-18,False
173,29,fabrication sheet,Bhushan Steel,79.7,79.5,3.8023125085994725,2025-05-11,2025-05-13,False
174,29,Other,Krishna Materials,484.0,482.0,10.835091973181573,2025-04-07,12/04/2025,False
175,29,Other,Noida Hardware Mart,462.5,447.2,9.665215668746344,2025-05-09,17/05/2025,False
176,30,Other,Krishna Materials,472.1,453.4,12.378622384495767,2025-03-19,2025-03-30,False
177,30,CEMENT,UltraTech,340.7,339.5,7.833920300120338,2025-03-17,2025-03-19,False
178,30,Cement,Ambuja,203.8,201.8,9.204919665503201,23/02/2025,2025-02-26,False
179,30,Cement,UltraTech,183.1,181.6,9.292775529517524,04-04-2025,2025-04-10,False
180,30,Other,Noida Hardware Mart,347.9,337.5,14.64586592500289,2025-04-19,2025-04-26,False
181,31,Cement,Ambuja,424.1,421.0,6.769752352335157,2025-06-14,2025-06-14,True
182,31,Cement,Local Vendor Cement,213.9,210.9,11.563703792573802,2025-04-28,05-05-2025,False
183,31,Other,Apex Traders,155.3,148.3,,06-14-2025,20/06/2025,False
184,31,CEMENT,ACC,355.2,352.5,5.967038670866769,2025-04-28,30/04/2025,False
185,31,Steel,Local Vendor Noida,484.8,481.4,11.952926055736162,2025-06-13,2025-06-20,False
186,32,CEMENT,Local Vendor Cement,443.4,424.6,13.06306138736503,18/02/2025,03-01-2025,False
187,32,CEMENT,ACC,87.7,87.6,6.486147742648818,04-03-2025,2025-04-09,False
188,32,Steel,Tata Steel,475.9,471.5,6.733050433295226,04-03-2025,2025-04-07,False
189,32,steel,Tata Steel,228.4,227.5,7.340744356383384,2025-03-26,2025-03-28,False
190,32,Cement,ACC,468.9,468.3,9.201603556113728,2025-03-19,2025-03-22,False
191,32,Steel,Local Vendor Noida,363.2,352.0,11.400069172940048,2025-04-06,2025-04-15,False
192,33,Cement,ACC,147.0,146.4,,2025-04-02,2025-04-12,False
193,33,Steel,Jindal Steel,185.5,184.0,10.088159692933488,2025-03-21,01/04/2025,False
194,33,Steel,Tata Steel,99.9,99.9,13.517749449106075,02/04/2025,04-12-2025,False
195,33,other,Krishna Materials,158.9,154.0,15.471469267443124,03-22-2025,2025-04-01,False
196,34,Other,Apex Traders,134.3,127.9,15.701717538752824,18/06/2025,2025-06-26,False
197,34,Other,Krishna Materials,403.9,386.3,15.059348282391635,03-23-2025,2025-04-03,False
198,34,Fabrication Sheet,Local Sheet Vendor,491.5,472.1,,2025-03-22,2025-04-01,False
199,34,STEEL,Jindal Steel,379.8,379.6,10.541885776976907,2025-06-11,2025-06-16,False
200,34,Other,Apex Traders,416.1,406.1,13.729214435281117,07-14-2025,2025-07-27,False
201,35,FABRICATION SHEET,Jindal Aluminium,372.2,371.4,12.010249525501965,2025-03-18,2025-03-24,False
202,35,FABRICATION SHEET,Jindal Aluminium,192.0,191.1,9.476132454401016,2025-04-10,04-18-2025,False
203,35,Fabrication Sheet,Hindalco,178.7,178.1,11.684383044530449,2025-03-19,2025-03-28,False
204,35,FABRICATION SHEET,Bhushan Steel,246.6,245.8,9.835916021231297,13/04/2025,2025-04-20,False
205,35,Fabrication Sheet,Local Sheet Vendor,361.4,356.6,14.70521663049218,2025-05-06,2025-05-18,False
16,3,Fabrication Sheet,Hindalco,489.3,488.4,11.152361694893239,2025-05-16,2025-05-20,False
10,2,Other,Krishna Materials,433.8,431.8,12.975088970188843,2025-02-18,2025-02-24,False
101,17,other,Krishna Materials,486.5,471.3,11.475378937279281,2025-04-04,2025-04-12,False
133,22,Cement,Local Vendor Cement,251.7,246.0,10.346896146768387,2025-04-21,2025-04-25,False
69,12,Other,Apex Traders,96.2,93.9,12.637132270566193,2025-03-23,04-03-2025,False
96,16,OTHER,Apex Traders,439.4,432.1,15.979708723076541,2025-05-23,2025-06-04,False
160,26,CEMENT,Local Vendor Cement,441.7,424.5,17.000667107634637,2025-01-28,2025-02-08,False
163,27,Other,Noida Hardware Mart,129.7,124.8,15.12487390503654,2025-03-26,2025-04-05,False
